,file_path,file_name,md5sum,file_size,gen3_object_id
0,c:/Users/kranz-michael/projects/opioid-policy-scan/data_final\Access01_C.csv,Access01_C.csv,688a0e019f7ad6a04a986d29fbe1fe9c,178359,dg.6VTS/7cb7d2a8-3d20-4320-9869-fba982d588f9
1,c:/Users/kranz-michael/projects/opioid-policy-scan/data_final\Access01_T.csv,Access01_T.csv,f07b57b15fa35ebd4b5d0b54a9459a32,5244735,dg.6VTS/946c6c24-a346-4007-a41f-c1e26d72c147
2,c:/Users/kranz-michael/projects/opioid-policy-scan/data_final\Access01_Z.csv,Access01_Z.csv,6813fc41d974e396c9186b935cbd98df,2735756,dg.6VTS/b0c41308-13d3-41b8-9c31-5207d80f043d
3,c:/Users/kranz-michael/projects/opioid-policy-scan/data_final\Access02_T.csv,Access02_T.csv,b7ba851616f911a170c086c9058a52b2,1827969,dg.6VTS/c51892de-a0db-46c2-9e17-5f08cc078ece
4,c:/Users/kranz-michael/projects/opioid-policy-scan/data_final\Access02_Z.csv,Access02_Z.csv,48250dad4b3423ee0d9806f68efc47d9,409445,dg.6VTS/4f676ffe-8c5d-4a01-aed2-f1f17ae059eb
5,c:/Users/kranz-michael/projects/opioid-policy-scan/data_final\Access03_T.csv,Access03_T.csv,cdd0d888fe6038bcfbcd5e2dba07a23d,1825941,dg.6VTS/e2f2e055-c989-4207-b86e-97fff96547fb
6,c:/Users/kranz-michael/projects/opioid-policy-scan/data_final\Access03_Z.csv,Access03_Z.csv,44566494250eafd155d46b7c70fdc838,410275,dg.6VTS/73266032-e76a-4a33-b21d-0f7c5e825779
7,c:/Users/kranz-michael/projects/opioid-policy-scan/data_final\Access04_T.csv,Access04_T.csv,194cbfcb2bbdc50a9db152c1d0a0f48d,1818236,dg.6VTS/5ff23ecf-1e71-4c69-a79f-770bf30f300a
8,c:/Users/kranz-michael/projects/opioid-policy-scan/data_final\Access04_Z.csv,Access04_Z.csv,12ee657738e719d1b7f1f0e50aed5226,402548,dg.6VTS/30810afc-415b-4ed7-aee4-968736bab144
9,c:/Users/kranz-michael/projects/opioid-policy-scan/data_final\Access05_T.csv,Access05_T.csv,b0964297b865f4dfa0f1bed585a86177,1826125,dg.6VTS/84961ef0-eba0-41d6-8971-bec03c7a0074
10,c:/Users/kranz-michael/projects/opioid-policy-scan/data_final\Access05_Z.csv,Access05_Z.csv,bf5f3138d9fd341e99d4f316968e55d7,410121,dg.6VTS/d4e4fda5-5aec-443d-afa6-ce8b5dd6cc14
11,c:/Users/kranz-michael/projects/opioid-policy-scan/data_final\Access06_T.csv,Access06_T.csv,ff31e5453c7149546187254303921d0e,3647709,dg.6VTS/d4848e62-d7c9-4993-b1fe-694c2e34e08e
12,c:/Users/kranz-michael/projects/opioid-policy-scan/data_final\Access06_Z.csv,Access06_Z.csv,d860de9a4ada56b7534ca0a71514be65,568122,dg.6VTS/aa9fe9c8-5af5-4e82-874c-75da7165672d
13,c:/Users/kranz-michael/projects/opioid-policy-scan/data_final\Access07_T.csv,Access07_T.csv,bf8219fd52610b5c3154d8efa4beec8c,3662721,dg.6VTS/13d43e7e-18d5-472d-85d4-d2de4e570802
14,c:/Users/kranz-michael/projects/opioid-policy-scan/data_final\Access07_Z.csv,Access07_Z.csv,b27cc310f1fbb7ae0d461bcab68977c7,578790,dg.6VTS/d136263f-5061-4420-9b8b-544faf7dbd59
15,c:/Users/kranz-michael/projects/opioid-policy-scan/data_final\BE01_C.csv,BE01_C.csv,2ec6fb2c658f8fa1e4ee3f32bf0af092,148550,dg.6VTS/985fd707-5168-44f5-bcc7-447287d20bc4
16,c:/Users/kranz-michael/projects/opioid-policy-scan/data_final\BE01_S.csv,BE01_S.csv,cc7e25752b8ee93880d83a29252cb16e,2419,dg.6VTS/f91e62d2-dbe1-4e5b-982f-5f9cc0ce85be
17,c:/Users/kranz-michael/projects/opioid-policy-scan/data_final\BE01_T.csv,BE01_T.csv,110ec933503990c29f9fafd1bfb58599,3790778,dg.6VTS/967c74cc-5467-4a84-8872-79975737e651
18,c:/Users/kranz-michael/projects/opioid-policy-scan/data_final\BE01_Z.csv,BE01_Z.csv,25ec5efd07344abe6a807a3301021a30,1501790,dg.6VTS/38d8f486-61bc-4e58-ae82-d457a912030a
19,c:/Users/kranz-michael/projects/opioid-policy-scan/data_final\BE02_RUCA_C.csv,BE02_RUCA_C.csv,2448a95001d393bee3b42928e97218e9,264968,dg.6VTS/fac442cd-f4c5-410d-9f66-5d535987f0d4
20,c:/Users/kranz-michael/projects/opioid-policy-scan/data_final\BE02_RUCA_T.csv,BE02_RUCA_T.csv,825a63afef096f9cee74a547e2f5cdeb,1890933,dg.6VTS/61791048-2ec4-4379-acaf-abda8eedf3f7
21,c:/Users/kranz-michael/projects/opioid-policy-scan/data_final\BE02_RUCA_Z.csv,BE02_RUCA_Z.csv,14dbc693e9908894046dae818f6f0cbf,823754,dg.6VTS/ed382ec4-0fac-401c-9a70-02486750dcb7
22,c:/Users/kranz-michael/projects/opioid-policy-scan/data_final\BE03_C.csv,BE03_C.csv,850503d9b83a077c8d820e7edd1b85eb,157516,dg.6VTS/ec3499f1-410f-4e05-b502-95062fa7be7d
23,c:/Users/kranz-michael/projects/opioid-policy-scan/data_final\BE03_S.csv,BE03_S.csv,cb90b766910d8ea85da6ddedbd789c34,1935,dg.6VTS/c4ad2a88-9c21-4967-88c6-3de47ee40dbf
24,c:/Users/kranz-michael/projects/opioid-policy-scan/data_final\BE03_T.csv,BE03_T.csv,6a12988bd8dca05e20813c70517d56b2,3104107,dg.6VTS/f9824fd6-d9c6-4fb3-bee5-ed707c4c16ae
25,c:/Users/kranz-michael/projects/opioid-policy-scan/data_final\BE03_Z.csv,BE03_Z.csv,0e5217260d5956a959a77ec3690a7dfc,995451,dg.6VTS/5cae38c1-4beb-4ba6-a61f-0de3a32b9727
26,c:/Users/kranz-michael/projects/opioid-policy-scan/data_final\BE04_C.csv,BE04_C.csv,132b1384e58863f05a77cf0eabb542ed,48631,dg.6VTS/f330a6eb-0b1f-4ae8-b0f5-e5a67eaaceeb
27,c:/Users/kranz-michael/projects/opioid-policy-scan/data_final\BE05_C.csv,BE05_C.csv,b8bfcdf8e2b1fbf886a3d0194493cf10,159012,dg.6VTS/fcf66b9d-00c7-4720-9b35-ec8a3eb35258
28,c:/Users/kranz-michael/projects/opioid-policy-scan/data_final\COVID01_C.csv,COVID01_C.csv,a240a1cb6348e6d6952176c871831afd,6150295,dg.6VTS/6696f122-0a47-4b70-8d92-0cd672dafe90
29,c:/Users/kranz-michael/projects/opioid-policy-scan/data_final\COVID01_S.csv,COVID01_S.csv,82edfe4dddf986e657e5ee57a1da6459,121852,dg.6VTS/8a4cae10-a846-4ebc-bae5-596579fda9c9
30,c:/Users/kranz-michael/projects/opioid-policy-scan/data_final\COVID02_C.csv,COVID02_C.csv,5c3f3f073b41af43522c37f496782e80,8166774,dg.6VTS/c4381a5b-bdb8-4927-9283-3f12a5440717
31,c:/Users/kranz-michael/projects/opioid-policy-scan/data_final\COVID02_S.csv,COVID02_S.csv,78b46c849163f035943da0f666bf2fad,153334,dg.6VTS/967b76d5-e7cd-4916-9014-23cae256993a
32,c:/Users/kranz-michael/projects/opioid-policy-scan/data_final\COVID03_C.csv,COVID03_C.csv,8e4779a2610e3d16ad779ace3d918922,5752009,dg.6VTS/c8c9ebcb-9bae-4d81-9dc6-c138e42beb9b
33,c:/Users/kranz-michael/projects/opioid-policy-scan/data_final\COVID03_S.csv,COVID03_S.csv,78376572708e4b7abbd32f58a543e207,143592,dg.6VTS/f2bd3c39-2c29-40f9-b32b-4e5c85118037
34,c:/Users/kranz-michael/projects/opioid-policy-scan/data_final\COVID04_C.csv,COVID04_C.csv,9cb87bc2444550beb79af9dd9eb856fa,6053990,dg.6VTS/75d54a7b-052e-48c0-91b3-b5a412824378
35,c:/Users/kranz-michael/projects/opioid-policy-scan/data_final\COVID04_S.csv,COVID04_S.csv,cb4f752a768c5239680cb45d54ae8ec1,117336,dg.6VTS/18dae3f6-1677-4416-afce-949d4b5728cb
36,c:/Users/kranz-michael/projects/opioid-policy-scan/data_final\DS01_C.csv,DS01_C.csv,e34fd2a6d68b2cca476570ea1e4cbbfc,457715,dg.6VTS/ed6af3bd-efbc-41e6-927a-4b12cc1ccdd9
37,c:/Users/kranz-michael/projects/opioid-policy-scan/data_final\DS01_S.csv,DS01_S.csv,5add946f5bd4809d09f3524f4416633e,8902,dg.6VTS/3b1f3d8d-29f1-4e6b-acfc-790586f8fa71
38,c:/Users/kranz-michael/projects/opioid-policy-scan/data_final\DS01_T.csv,DS01_T.csv,06121bf482ee4308b0884595823719d1,9844112,dg.6VTS/689be8e6-55e5-485a-9eef-876c61ba39e5
39,c:/Users/kranz-michael/projects/opioid-policy-scan/data_final\DS01_Z.csv,DS01_Z.csv,2571c0ecb42a778cf6530b8f4894f586,4162208,dg.6VTS/0707b60c-e313-4465-8e79-0f1fdba52790
40,c:/Users/kranz-michael/projects/opioid-policy-scan/data_final\DS02_T.csv,DS02_T.csv,dcf58bb88de5241ed1a2020be1c61977,1078527,dg.6VTS/42f66063-27e1-4c37-a95b-aabd8590320b
41,c:/Users/kranz-michael/projects/opioid-policy-scan/data_final\DS03_C.csv,DS03_C.csv,df95ee394ce6339cd8d737f6b11982eb,99006,dg.6VTS/d8796237-1e71-4aca-8203-97324429395c
42,c:/Users/kranz-michael/projects/opioid-policy-scan/data_final\DS03_T.csv,DS03_T.csv,d638189502eb7fdd5b17cb9ee4ef6876,2719887,dg.6VTS/9ef62f99-894f-45df-a883-6cd979f7204c
43,c:/Users/kranz-michael/projects/opioid-policy-scan/data_final\DS03_Z.csv,DS03_Z.csv,fff331e89540bbe43005bab4874dfb8f,1463109,dg.6VTS/7147e754-077d-445a-b9c6-1c226ea2da3a
44,c:/Users/kranz-michael/projects/opioid-policy-scan/data_final\DS04_C.csv,DS04_C.csv,768049d4835dffabc667e50f6fc5eb07,432192,dg.6VTS/17dda128-4a91-4051-8ca4-f578aaddc2f7
45,c:/Users/kranz-michael/projects/opioid-policy-scan/data_final\DS04_S.csv,DS04_S.csv,c935a2b9a1ff372aad24bfb54492d7d0,10045,dg.6VTS/0736a18a-0861-4884-b2e7-5061b5a72dca
46,c:/Users/kranz-michael/projects/opioid-policy-scan/data_final\DS04_T.csv,DS04_T.csv,9fff6870eb115aed83b464905381ddd5,9139343,dg.6VTS/88a3ab2c-78b6-441f-b9f9-273244cc53d7
47,c:/Users/kranz-michael/projects/opioid-policy-scan/data_final\DS04_Z.csv,DS04_Z.csv,f6e2c75c627a7ca604eaa70d6ee4f4dc,4467833,dg.6VTS/39c9ce23-85a0-441a-b2af-cae190efc08f
48,c:/Users/kranz-michael/projects/opioid-policy-scan/data_final\DS05_C.csv,DS05_C.csv,ec58e40da9f71cf90701ec66e15f9df8,142589,dg.6VTS/24ce4d6e-4445-427a-ab6e-624b155678b8
49,c:/Users/kranz-michael/projects/opioid-policy-scan/data_final\DS05_S.csv,DS05_S.csv,39e1052003949790327bd136eb997ea4,2722,dg.6VTS/057b3924-0fd6-4f03-9744-1ee92b811c87
50,c:/Users/kranz-michael/projects/opioid-policy-scan/data_final\DS05_T.csv,DS05_T.csv,b8e326a67257d1e232e47a8169260f91,3854099,dg.6VTS/cf52dcc9-8e47-4c44-8aba-61b3739a41ae
51,c:/Users/kranz-michael/projects/opioid-policy-scan/data_final\DS05_Z.csv,DS05_Z.csv,7ebab1cd7ea61527eed7be2698853821,1299288,dg.6VTS/ce9f6f0f-56f3-4b08-9679-99ce97784cb8
52,c:/Users/kranz-michael/projects/opioid-policy-scan/data_final\DS06_C.csv,DS06_C.csv,d8a91d3fbfaffa80459aeb226bb38e47,47485,dg.6VTS/7592270f-761f-4135-8006-f492847be3bc
53,c:/Users/kranz-michael/projects/opioid-policy-scan/data_final\DS06_S.csv,DS06_S.csv,8f18ff834277d9869c74ad5617ff9f76,1080,dg.6VTS/3e4fd771-d509-4094-858f-120dd6591713
54,c:/Users/kranz-michael/projects/opioid-policy-scan/data_final\DS06_T.csv,DS06_T.csv,8ef03b2189c6119f98b87ee84dc611b1,1428734,dg.6VTS/7e45aa0a-c6ae-4eb4-9641-fd1457bac2e3
55,c:/Users/kranz-michael/projects/opioid-policy-scan/data_final\DS06_Z.csv,DS06_Z.csv,ee9dee5c6289b76fd6069b8880edc635,447591,dg.6VTS/02b17267-bdd3-4207-ae11-40c7048a170b
56,c:/Users/kranz-michael/projects/opioid-policy-scan/data_final\EC01_C.csv,EC01_C.csv,80fdbc6df1a896e70ad6113ebce971c6,135635,dg.6VTS/c5026715-2196-4bf8-bf39-5c8d921d6b3f
57,c:/Users/kranz-michael/projects/opioid-policy-scan/data_final\EC01_S.csv,EC01_S.csv,94d6e26f63c082882b3233469eb62069,2103,dg.6VTS/c9c2d949-1193-4fcd-a45e-b1589d788df7
58,c:/Users/kranz-michael/projects/opioid-policy-scan/data_final\EC01_T.csv,EC01_T.csv,366e613cda130156b45cd1d882bf0a9f,3419830,dg.6VTS/9ea82b12-31bc-4036-b15b-7274edf83026
59,c:/Users/kranz-michael/projects/opioid-policy-scan/data_final\EC01_Z.csv,EC01_Z.csv,192aea46274ca6ed63b51258d57662b3,1330555,dg.6VTS/d9ff8b78-8258-4fe1-b524-1a4a7e28a73d
60,c:/Users/kranz-michael/projects/opioid-policy-scan/data_final\EC02_C.csv,EC02_C.csv,dff071d95db7ff78492ff1ff25c6bacb,105603,dg.6VTS/833da028-7670-4a53-ae77-7cd544325f8c
61,c:/Users/kranz-michael/projects/opioid-policy-scan/data_final\EC02_S.csv,EC02_S.csv,1bd8801107c72291f0664c180a17a246,1603,dg.6VTS/7659b4ba-91a5-49e4-b421-57c8ed67fb4c
62,c:/Users/kranz-michael/projects/opioid-policy-scan/data_final\EC02_T.csv,EC02_T.csv,524e8999514b41281924980df5acfbd9,2705592,dg.6VTS/0b4662da-2105-45e5-9979-98cfef52a315
63,c:/Users/kranz-michael/projects/opioid-policy-scan/data_final\EC02_Z.csv,EC02_Z.csv,73de3b4ac7829b9dd9b8e5ffe086e135,1012605,dg.6VTS/4d67c439-5963-4823-8a4d-af5a5c8db0fc
64,c:/Users/kranz-michael/projects/opioid-policy-scan/data_final\EC03_C.csv,EC03_C.csv,c11b8fefd0692d4dddbfaefb4dbc1d6b,93043,dg.6VTS/0e12421d-0051-44b8-ad3f-2407666019cb
65,c:/Users/kranz-michael/projects/opioid-policy-scan/data_final\EC03_S.csv,EC03_S.csv,a797d10d2d5c03130bb1d44e92cf3d2b,1277,dg.6VTS/10206f63-0267-40b6-bec0-bf7ce2a71dee
66,c:/Users/kranz-michael/projects/opioid-policy-scan/data_final\EC03_T.csv,EC03_T.csv,ad04308ccf1af745020f2fe9c2ed175e,2527764,dg.6VTS/0aff1f9a-d184-4b2d-9160-e29e0c94ed26
67,c:/Users/kranz-michael/projects/opioid-policy-scan/data_final\EC03_Z.csv,EC03_Z.csv,f40eac11de19879f5298f1b596ff5cd2,942567,dg.6VTS/6a5529a9-06ff-49eb-92f8-2e2c0a633e0d
68,c:/Users/kranz-michael/projects/opioid-policy-scan/data_final\EC04_C.csv,EC04_C.csv,53a3642ed76c4d2dd20da3dd00a8b586,97656,dg.6VTS/70a1a1b4-86ce-46df-93d5-b8085aa7b545
69,c:/Users/kranz-michael/projects/opioid-policy-scan/data_final\EC04_S.csv,EC04_S.csv,06eeba0b01a78ca38d9cf3a0ee890908,666,dg.6VTS/9c2283c0-dafd-4555-8011-f70ebd8fbf82
70,c:/Users/kranz-michael/projects/opioid-policy-scan/data_final\EC04_T.csv,EC04_T.csv,fabd1d465108063be7aa3bf09d9774a4,9693901,dg.6VTS/de6f8fec-b596-4733-b5ef-a276ecc4e3ff
71,c:/Users/kranz-michael/projects/opioid-policy-scan/data_final\geometryFiles\crosswalk\COUNTY_ZIP.xlsx,COUNTY_ZIP.xlsx,f0aeb20a19e47f7e0cf7b4f10c0a042e,3041556,dg.6VTS/0d9224a9-9455-409e-9012-5099e1460d9e
72,c:/Users/kranz-michael/projects/opioid-policy-scan/data_final\geometryFiles\crosswalk\TRACT_ZIP.xlsx,TRACT_ZIP.xlsx,4a7882c04f7de3755018fd107b6d7126,9257662,dg.6VTS/2121e1e3-4571-49cc-9fec-78ee20e0df04
73,c:/Users/kranz-michael/projects/opioid-policy-scan/data_final\geometryFiles\crosswalk\ZIP_COUNTY.xlsx,ZIP_COUNTY.xlsx,e63e1ac1b208efe7a7debb6a2ec4b44e,2456064,dg.6VTS/0468deff-5437-41d2-8c73-4f52be7dc7a5
74,c:/Users/kranz-michael/projects/opioid-policy-scan/data_final\geometryFiles\crosswalk\ZIP_TRACT.xlsx,ZIP_TRACT.xlsx,07dc32d9da4ee07122fbd4c40edd4632,10094498,dg.6VTS/89c01b95-8d2b-46ac-81c1-4d91f6cd6908
75,c:/Users/kranz-michael/projects/opioid-policy-scan/data_final\geometryFiles\tl_2018_county\counties2018.dbf,counties2018.dbf,9155698962a1d0b55ecd968064ef40d5,983671,dg.6VTS/ddb8964a-0e1b-4586-a64c-ff386ff3d34b
76,c:/Users/kranz-michael/projects/opioid-policy-scan/data_final\geometryFiles\tl_2018_county\counties2018.prj,counties2018.prj,e729936bf5360b37a15365fc295a1901,143,dg.6VTS/e498c4ef-fe0a-420f-bb2a-85a764641532
77,c:/Users/kranz-michael/projects/opioid-policy-scan/data_final\geometryFiles\tl_2018_county\counties2018.shp,counties2018.shp,1ffc2a5f5dacb1084d1fad4614d1e34d,16514608,dg.6VTS/acee9f08-508e-4101-a539-fb112218d172
78,c:/Users/kranz-michael/projects/opioid-policy-scan/data_final\geometryFiles\tl_2018_county\counties2018.shx,counties2018.shx,af9492c828c2d464258bb64735e0321d,25236,dg.6VTS/32dca318-cb00-4acf-ae63-f02c87f152ed
79,c:/Users/kranz-michael/projects/opioid-policy-scan/data_final\geometryFiles\tl_2018_state\states2018.dbf,states2018.dbf,a1023f1dcf55a97f298821f48a73e84c,35148,dg.6VTS/2e3eece9-25cd-4a6e-a971-9fa8b2af3080
80,c:/Users/kranz-michael/projects/opioid-policy-scan/data_final\geometryFiles\tl_2018_state\states2018.prj,states2018.prj,e729936bf5360b37a15365fc295a1901,143,dg.6VTS/c00cb757-25fd-4175-b2db-93099b54a82f
81,c:/Users/kranz-michael/projects/opioid-policy-scan/data_final\geometryFiles\tl_2018_state\states2018.shp,states2018.shp,5f661e95f87d37bebba28660d918402e,4577908,dg.6VTS/bc3324d7-402e-4c7d-9893-3bc3f8f357c9
82,c:/Users/kranz-michael/projects/opioid-policy-scan/data_final\geometryFiles\tl_2018_state\states2018.shx,states2018.shx,3dc5472da40ae618d7e4cb616b2af921,508,dg.6VTS/25a069a2-1171-4f04-8ab3-bbb7935bffc7
83,c:/Users/kranz-michael/projects/opioid-policy-scan/data_final\geometryFiles\tl_2018_tract\tracts2018.dbf,tracts2018.dbf,7e4a02bcf20e5e5502f16fedee532911,44358055,dg.6VTS/73f9e274-c5f7-4cfa-99fd-0e6179bd2922
84,c:/Users/kranz-michael/projects/opioid-policy-scan/data_final\geometryFiles\tl_2018_tract\tracts2018.prj,tracts2018.prj,e729936bf5360b37a15365fc295a1901,143,dg.6VTS/0ad952a2-d18f-48aa-8d9c-89b2ea5c0b99
85,c:/Users/kranz-michael/projects/opioid-policy-scan/data_final\geometryFiles\tl_2018_tract\tracts2018.shp,tracts2018.shp,74f5176faf0bb3312ed147dc6a51aa19,75077760,dg.6VTS/d8db4de0-e17d-4d8d-b02d-5a4a907ff623
86,c:/Users/kranz-michael/projects/opioid-policy-scan/data_final\geometryFiles\tl_2018_tract\tracts2018.shx,tracts2018.shx,9253160733169cf8d1faa5a8891789cf,582796,dg.6VTS/c67c15ce-2a49-4c00-a0b3-42fd11da8ac2
87,c:/Users/kranz-michael/projects/opioid-policy-scan/data_final\geometryFiles\tl_2018_zcta\zctas2018.dbf,zctas2018.dbf,f1d4081d5338beff6c66ef5988aefb79,9534304,dg.6VTS/9960d5f6-8ebb-40a6-bfb6-9e2b7763943a
88,c:/Users/kranz-michael/projects/opioid-policy-scan/data_final\geometryFiles\tl_2018_zcta\zctas2018.prj,zctas2018.prj,e729936bf5360b37a15365fc295a1901,143,dg.6VTS/b55565b8-5019-4376-9078-14c18bae0d6d
89,c:/Users/kranz-michael/projects/opioid-policy-scan/data_final\geometryFiles\tl_2018_zcta\zctas2018.shp,zctas2018.shp,ceb3a3e49192a58b49b0859ebdbbbc57,90658908,dg.6VTS/2e08cf62-f4c9-4f77-ab35-b41dd453ca69
90,c:/Users/kranz-michael/projects/opioid-policy-scan/data_final\geometryFiles\tl_2018_zcta\zctas2018.shx,zctas2018.shx,9b4ccea3a099e39fe506fef3341e5cde,264020,dg.6VTS/f9d2d7f2-f15c-4740-9a86-de057792a2b9
91,c:/Users/kranz-michael/projects/opioid-policy-scan/data_final\Health01_C.csv,Health01_C.csv,e189269a146ecfb8bc0863e97e44d5fc,148182,dg.6VTS/f736ed1e-f97f-4544-ab8a-69dbf29f4366
92,c:/Users/kranz-michael/projects/opioid-policy-scan/data_final\Health01_S.csv,Health01_S.csv,5f5a7dd4376b0eae8c0798bbd6baaeb3,1670,dg.6VTS/37f21a8c-3629-49c8-be81-2f8d797af11f
93,c:/Users/kranz-michael/projects/opioid-policy-scan/data_final\Health02_C_Mortality.csv,Health02_C_Mortality.csv,9a5f9c983b63ba578e80c66726be7855,345219,dg.6VTS/d486b6f1-96aa-4ce8-9d5f-98cc2af2685e
94,c:/Users/kranz-michael/projects/opioid-policy-scan/data_final\Health02_S_Mortality.csv,Health02_S_Mortality.csv,d577680e6aeb532243ca1e0348b4371b,16490,dg.6VTS/94987b54-a13b-4242-a99d-aec7f08ee9c3
95,c:/Users/kranz-michael/projects/opioid-policy-scan/data_final\Health02_S_Prevalence.csv,Health02_S_Prevalence.csv,abea2346f6b8f4331536936928ceb197,5151,dg.6VTS/764b73e6-0d0f-41ce-849c-4e5094d24f4f
96,c:/Users/kranz-michael/projects/opioid-policy-scan/data_final\Health03_C.csv,Health03_C.csv,89445d5004708e38873c0779f6d2f624,39145,dg.6VTS/c3777745-dfb2-4fe5-b2e5-a9186ac96774
97,c:/Users/kranz-michael/projects/opioid-policy-scan/data_final\Health03_S.csv,Health03_S.csv,6598397c30be155638c527e6ebcd319f,748,dg.6VTS/16403177-5f73-4f6b-a5b5-bbd4ea208009
98,c:/Users/kranz-michael/projects/opioid-policy-scan/data_final\Health03_T.csv,Health03_T.csv,a321e78440c0f5050e41999d0218f3a4,1768906,dg.6VTS/c506a384-ce65-48a3-aa93-3d9163e54b7c
99,c:/Users/kranz-michael/projects/opioid-policy-scan/data_final\metadata\Access_FQHCs_MinDistance.md,Access_FQHCs_MinDistance.md,eaf10a3998a3215f1860b627d3b46815,2348,dg.6VTS/441a9f4f-de4b-4c9e-94d3-9bc64fcf362e
100,c:/Users/kranz-michael/projects/opioid-policy-scan/data_final\metadata\Access_MentalHealth_MinDistance.md,Access_MentalHealth_MinDistance.md,04d56cf84d81efc5f22bdfe93f8b300d,2532,dg.6VTS/f6557daa-56b0-453c-9da0-d30758774f4c
101,c:/Users/kranz-michael/projects/opioid-policy-scan/data_final\metadata\Access_MOUDs.md,Access_MOUDs.md,3f8926c4b190e9c7f737d2d6fc2be1bc,3624,dg.6VTS/64265b6f-6ee5-478d-ba5e-8786217cad2b
102,c:/Users/kranz-michael/projects/opioid-policy-scan/data_final\metadata\Access_OpioidUseTreatment.md,Access_OpioidUseTreatment.md,1809e5b7f2b221540ff7365e57e7cfcd,1780,dg.6VTS/3f715ff6-f253-4920-8d42-f9846f002b73
103,c:/Users/kranz-michael/projects/opioid-policy-scan/data_final\metadata\Access_Pharmacies_MinDistance.md,Access_Pharmacies_MinDistance.md,40ee1ff8b60bd29202f87b25811eebc2,2534,dg.6VTS/dd82a42c-1621-432d-874d-b25b560f5860
104,c:/Users/kranz-michael/projects/opioid-policy-scan/data_final\metadata\Access_SubstanceUseTreatment.md,Access_SubstanceUseTreatment.md,f50e19d6a2d334f8b3182ca9257ca91e,2079,dg.6VTS/c1d1e182-f2e0-451d-9eda-d14328b8aae4
105,c:/Users/kranz-michael/projects/opioid-policy-scan/data_final\metadata\Acesss_Hospitals_MinDistance.md,Acesss_Hospitals_MinDistance.md,d54d8ae6a9074a0e50844d6c4d4465ff,2774,dg.6VTS/43fe0678-0710-4b16-b94c-3a93132f7fd3
106,c:/Users/kranz-michael/projects/opioid-policy-scan/data_final\metadata\Age_2018.md,Age_2018.md,47b2a54237e9a26925b48a498eab7101,2986,dg.6VTS/9e0b4c0c-da78-45e3-b9f9-635f1527fb37
107,c:/Users/kranz-michael/projects/opioid-policy-scan/data_final\metadata\AlcoholOutlets_2018.md,AlcoholOutlets_2018.md,fa8ef57b0b2e378f8478846bccbc3ade,3072,dg.6VTS/5bd396da-fb7e-4db4-9ede-2eb414d6c536
108,c:/Users/kranz-michael/projects/opioid-policy-scan/data_final\metadata\COVID.md,COVID.md,55046c7adb2a071541e920514de2ee20,3453,dg.6VTS/bb0c2a21-b640-4172-9c15-33ac085396c3
109,c:/Users/kranz-michael/projects/opioid-policy-scan/data_final\metadata\crosswalk.md,crosswalk.md,ccf044763dc0fbd13d0f6bc4744b3fbb,2475,dg.6VTS/8cdca162-c0fd-41be-af95-bb909fd03c6c
110,c:/Users/kranz-michael/projects/opioid-policy-scan/data_final\metadata\Economic_2018.md,Economic_2018.md,8cdbaa98f15f41f4f52bda478a579de8,3687,dg.6VTS/5ec3cdfd-a772-455b-821f-723aea15f084
111,c:/Users/kranz-michael/projects/opioid-policy-scan/data_final\metadata\ForeclosureRate.md,ForeclosureRate.md,b070a0deb6b6e9fbe549583989212c6a,2893,dg.6VTS/14533f1d-387f-4baf-9c76-f7217b116af4
112,c:/Users/kranz-michael/projects/opioid-policy-scan/data_final\metadata\GeographicBoundaries_2018.md,GeographicBoundaries_2018.md,909accc4c3500c3c57388c6f1a0db671,2134,dg.6VTS/a5ed0056-cdeb-42b4-9e3b-db338c90d021
113,c:/Users/kranz-michael/projects/opioid-policy-scan/data_final\metadata\GroupQuar.md,GroupQuar.md,571e1dfb544061e8df6bb3486659031e,3079,dg.6VTS/851d9a63-7af7-4fb2-be3c-a8c436f8a2db
114,c:/Users/kranz-michael/projects/opioid-policy-scan/data_final\metadata\GSL_2018.md,GSL_2018.md,7fef0d4f600426b9c0acf84c66a6da34,2529,dg.6VTS/0795d254-b6f8-41cc-81cd-1f79d461e032
115,c:/Users/kranz-michael/projects/opioid-policy-scan/data_final\metadata\Health_DrugDeaths.md,Health_DrugDeaths.md,eb260c4be106af3c01f9c4e25ed6f72c,3634,dg.6VTS/04fb0f11-c829-4e2b-bf18-982335a5f57e
116,c:/Users/kranz-michael/projects/opioid-policy-scan/data_final\metadata\Health_PCPs.md,Health_PCPs.md,8aa57a27142acff53848ddcb4c856f54,2434,dg.6VTS/93bd3b86-2085-4d0a-aaf4-3d3d5e8eab33
117,c:/Users/kranz-michael/projects/opioid-policy-scan/data_final\metadata\HepC_rate.md,HepC_rate.md,0d5894e71d570d2c51b42aa41a621945,9318,dg.6VTS/9880a259-c3fa-4f1a-8d79-ec692e02d880
118,c:/Users/kranz-michael/projects/opioid-policy-scan/data_final\metadata\HomelessPop.md,HomelessPop.md,269112d5b75a51d099d73e3a05c8dd51,2723,dg.6VTS/95402473-a1ac-4426-b712-30a5ac4d79d0
119,c:/Users/kranz-michael/projects/opioid-policy-scan/data_final\metadata\Housing_2018.md,Housing_2018.md,2b7bbd505c69b5749b787673531c395d,3419,dg.6VTS/1fe506c3-d343-4d3b-868b-ad6bb7aad4ff
120,c:/Users/kranz-michael/projects/opioid-policy-scan/data_final\metadata\Jail variables_2017.md,Jail variables_2017.md,4de8a56c8225cb2ef6de7fae8a5f0340,3919,dg.6VTS/6f29f8ed-2f7e-498f-b924-272323904288
121,c:/Users/kranz-michael/projects/opioid-policy-scan/data_final\metadata\Jail-variables_2017.html,Jail-variables_2017.html,196836aed40cc55297979304b32476fc,637394,dg.6VTS/f2c29c8a-fc20-4a0c-a961-2f086a038948
122,c:/Users/kranz-michael/projects/opioid-policy-scan/data_final\metadata\Job_Categories_byIndustry_2018.md,Job_Categories_byIndustry_2018.md,718c71a4f0f4bc8e29ab1886f112e261,2927,dg.6VTS/c7933359-08e0-4f88-9929-08097290e951
123,c:/Users/kranz-michael/projects/opioid-policy-scan/data_final\metadata\Job_Categories_byOccupation_2018.md,Job_Categories_byOccupation_2018.md,f3ca46d9276b31f62c25e4632f67ca5b,2860,dg.6VTS/f6ec1079-e144-48cc-a058-b7f82454b5dc
124,c:/Users/kranz-michael/projects/opioid-policy-scan/data_final\metadata\MedExpan_2018.md,MedExpan_2018.md,c60a5264e30bfa67fcfc57b3780b5a6f,2920,dg.6VTS/074c110e-118e-4256-b051-c3bfb02521a1
125,c:/Users/kranz-michael/projects/opioid-policy-scan/data_final\metadata\MedExp_2019.md,MedExp_2019.md,29f9ec64aec4b81c4bffce669cf3055d,1902,dg.6VTS/cafd3b40-d2eb-4151-b8ad-606ac5ab5336
126,c:/Users/kranz-michael/projects/opioid-policy-scan/data_final\metadata\MedMarijLaw.md,MedMarijLaw.md,1867f284fd7da22005a7d9274a70b1e1,1987,dg.6VTS/93d718bb-22d3-4507-85dd-d93c9dc20bf3
127,c:/Users/kranz-michael/projects/opioid-policy-scan/data_final\metadata\NAL_2017.md,NAL_2017.md,cd9a6ffc2dc0bda10a3914b99fac851b,4002,dg.6VTS/29cff309-d0d4-4433-aa8d-82cbbe171ee9
128,c:/Users/kranz-michael/projects/opioid-policy-scan/data_final\metadata\Other_Demographic_2018.md,Other_Demographic_2018.md,d4094339ccf943027f8845ea820f54f0,1857,dg.6VTS/a97c80c6-cff2-4c5c-9d7d-57f936886fba
129,c:/Users/kranz-michael/projects/opioid-policy-scan/data_final\metadata\Overlay.md,Overlay.md,29743aaa9b0b5d44fab2a655b81801f1,2606,dg.6VTS/8693af3e-8518-4adf-abcb-f8bb0004ea6b
130,c:/Users/kranz-michael/projects/opioid-policy-scan/data_final\metadata\PDMP_2017.md,PDMP_2017.md,333d7fe0e953be388948709dca9a1b02,6738,dg.6VTS/1bb8d06b-3548-40c1-b1ea-4397cd5c7aad
131,c:/Users/kranz-michael/projects/opioid-policy-scan/data_final\metadata\Prison variables_2016.md,Prison variables_2016.md,14b79413f74bf53bc42061dd9903e694,5256,dg.6VTS/7391ba6b-7b76-4461-b8c5-b2541eb64616
132,c:/Users/kranz-michael/projects/opioid-policy-scan/data_final\metadata\Prison-variables_2016.html,Prison-variables_2016.html,7d35c9b4f8670ae52d1151d05f77cab3,639721,dg.6VTS/dc601678-0868-43bb-a60f-ce28e1462e9b
133,c:/Users/kranz-michael/projects/opioid-policy-scan/data_final\metadata\PublicExpenditures.md,PublicExpenditures.md,27c0790e122a7c25d1ee3dea16ab992d,3423,dg.6VTS/11de1aca-b47a-4816-89cd-030d403e7ad9
134,c:/Users/kranz-michael/projects/opioid-policy-scan/data_final\metadata\Race_Ethnicity_2018.md,Race_Ethnicity_2018.md,283abd1fadd08fcb9a505eacd011c26a,2703,dg.6VTS/f0c2a558-9135-44cf-9184-2cd799ef8479
135,c:/Users/kranz-michael/projects/opioid-policy-scan/data_final\metadata\Residential_Seg_Indices.md,Residential_Seg_Indices.md,5fe00aac501d5155717b0bf430b772d5,6132,dg.6VTS/7cda1748-bdbf-4cd8-8cac-3197f231abc9
136,c:/Users/kranz-michael/projects/opioid-policy-scan/data_final\metadata\Rural_Urban_Classification_County.md,Rural_Urban_Classification_County.md,6141f1b0c3fdbeffc127c3afbed64e1d,2756,dg.6VTS/1d5bcbb8-ffc8-4228-bd9c-e8986eae802a
137,c:/Users/kranz-michael/projects/opioid-policy-scan/data_final\metadata\Rural_Urban_Classification_T_Z.md,Rural_Urban_Classification_T_Z.md,7abe58a332154e38862efc78e5b6654c,2737,dg.6VTS/05305387-55be-4292-9aa1-24e5b435b2cf
138,c:/Users/kranz-michael/projects/opioid-policy-scan/data_final\metadata\SDOH_2014.md,SDOH_2014.md,1b21068c3dac31213102e4a780a3e9d5,2098,dg.6VTS/b4b9d04e-df79-4dc7-a6a2-0450198b3ede
139,c:/Users/kranz-michael/projects/opioid-policy-scan/data_final\metadata\SVI_2018.md,SVI_2018.md,ff3f4491cf2adb86df4a4f2b96c15874,3450,dg.6VTS/e5114fb2-9972-4240-b7df-22bddb072f6e
140,c:/Users/kranz-michael/projects/opioid-policy-scan/data_final\metadata\Syringe.md,Syringe.md,edba35342e53cc7929d3ab277decb072,2864,dg.6VTS/ee8cdae5-d5fb-451a-817e-7a123e35c25f
141,c:/Users/kranz-michael/projects/opioid-policy-scan/data_final\metadata\VetPop.md,VetPop.md,463b2309f7fe533cd2dca7faa6e6e8a8,4195,dg.6VTS/a69282ef-2d07-4bce-8ff1-68700ec3f985
142,c:/Users/kranz-michael/projects/opioid-policy-scan/data_final\moud\us-wide-moudsCleaned.csv,us-wide-moudsCleaned.csv,b23b2891b485cb6ceb017a6188440457,3090967,dg.6VTS/de47c394-81f7-4a07-a730-7f930e3a823d
143,c:/Users/kranz-michael/projects/opioid-policy-scan/data_final\moud\us-wide-moudsCleaned.gpkg,us-wide-moudsCleaned.gpkg,a25502a05c80495d2793486b4c98c11c,3538944,dg.6VTS/8b27594e-8bab-4cb3-9455-6f45958feb00
144,c:/Users/kranz-michael/projects/opioid-policy-scan/data_final\PS01_2016_C.csv,PS01_2016_C.csv,12cd28566de12d16b14ff44c242748f5,453718,dg.6VTS/9d201da2-f474-45fe-9b62-b67cba973c5a
145,c:/Users/kranz-michael/projects/opioid-policy-scan/data_final\PS02_2017_C.csv,PS02_2017_C.csv,002270fe967f0424b3db686cd1abab62,476589,dg.6VTS/9a712179-c2fd-44aa-ac0b-9f6115ad050a
146,c:/Users/kranz-michael/projects/opioid-policy-scan/data_final\PS03_2017_S.csv,PS03_2017_S.csv,5643f2eb868e1ee6fcf41cea96f65483,3846,dg.6VTS/dce34f93-5bb8-4e8e-8263-44e25a75faf4
147,c:/Users/kranz-michael/projects/opioid-policy-scan/data_final\PS04_2018_S.csv,PS04_2018_S.csv,356f8f29ba756e7402427772dfea3424,1588,dg.6VTS/e3bf876d-5571-4f39-a6b5-7fbc0e32e0b5
148,c:/Users/kranz-michael/projects/opioid-policy-scan/data_final\PS05_2017_S.csv,PS05_2017_S.csv,5f1947055adb5b724c38ede372d81773,2362,dg.6VTS/0ba81dcc-3f82-4156-8f86-0789305f58fa
149,c:/Users/kranz-michael/projects/opioid-policy-scan/data_final\PS06_2019_S.csv,PS06_2019_S.csv,d347d05699b14fdc1b5561636f8eb3d8,1961,dg.6VTS/277fbbf8-c5b6-4589-a310-618ef78bbbca
150,c:/Users/kranz-michael/projects/opioid-policy-scan/data_final\PS07_2018_S.csv,PS07_2018_S.csv,d1b9fd9565efb16d3950a81223bf12d5,4137,dg.6VTS/f3349d27-1831-418a-b1f7-1d511cc2ab74
151,c:/Users/kranz-michael/projects/opioid-policy-scan/data_final\PS08_2019_S.csv,PS08_2019_S.csv,a5fd557581a46bffd3977d8775c3a40b,1540,dg.6VTS/34f72cf4-4221-405a-a9c1-0c934ae39278
152,c:/Users/kranz-michael/projects/opioid-policy-scan/data_final\PS09_2017_S.csv,PS09_2017_S.csv,085f21c58be93a7f500295ffbf12fc10,327,dg.6VTS/69ae05fc-eff9-48d1-809d-109224142f7a
153,c:/Users/kranz-michael/projects/opioid-policy-scan/data_final\PS11_S.csv,PS11_S.csv,ebf7d8139a57bd31cf4dcc678e01be2f,5802,dg.6VTS/4d604e7c-9e68-470e-9c2c-b4ba556171dd
